{
    "version": "1.0",
    "TestDistricts": [
        {
            "name": "开发调试服务器",
            "uniServer": "cses.emic.com.cn",
            "Ip": "112.80.5.131",
            "switchNumbers": "02566699703"
        },
        {
            "name": "159分布式云总机-开发调试",
            "uniServer": "kfyw.emic.com.cn",
            "Ip":"112.80.5.155",
            "switchNumbers": "02566699741,02566699794,02566687971,02566687961,02566687313,02566687960,02566687301,02566699792,02566699734,02566687970,02566699746,02566699794,02566687335"
        }
    ],
    "CurDistricts": [
        {
            "areaCode": "025,0510,0511,0512,0513,0514,0515,0516,0517,0518,0519,0523,0527",
            "name": "江苏省",
            "uniServer": "yzj.10010js.com"
        },
        {
            "areaCode": "010",
            "name": "北京市",
            "uniServer": "bj.emic.com.cn"
        },
        {
            "areaCode": "0770,0771,0772,0773,0774,0775,0776,0777,0778,0779",
            "name": "广西自治区",
            "uniServer": "emic.gx10010.com"
        },
        {
            "areaCode": "0730,0731,0734,0735,0736,0737,0738,0739,0743,0744,0745,0746",
            "name": "湖南省",
            "uniServer": "hn.emic.com.cn"
        },
        {
            "areaCode": "0570,0571,0572,0573,0574,0575,0576,0577,0578,0579,0580",
            "name": "浙江省",
            "uniServer": "zj.emic.com.cn"
        },
        {
            "areaCode": "0591,0592,0593,0594,0595,0596,0597,0598,0599",
            "name": "福建省",
            "uniServer": "fj.emic.com.cn"
        },
        {
            "areaCode": "0310,0311,0312,0313,0314,0315,0316,0317,0318,0319,0335",
            "name": "河北省",
            "uniServer": "www.woyzj.com"
        },
        {
            "areaCode": "0550,0551,0552,0553,0554,0555,0556,0557,0558,0559,0561,0562,0563,0564,0566",
            "name": "安徽省",
            "uniServer": "ah.emic.com.cn"
        },
        {
            "areaCode": "021",
            "name": "上海市",
            "uniServer": "sh.emic.com.cn"
        },
        {
            "areaCode": "0891,0892,0893,0894,0895,0896,0897",
            "name": "西藏自治区",
            "uniServer": "xz.emic.com.cn"
        },
        {
            "areaCode": "029,0911,0912,0913,0914,0915,0916,0917,0919",
            "name": "陕西省",
            "uniServer": "sn.emic.com.cn"
        },
        {
            "areaCode": "0701,0790,0791,0792,0793,0794,0795,0796,0797,0798,0799",
            "name": "江西省",
            "uniServer": "jx.emic.com.cn"
        },
        {
            "areaCode": "0370,0371,0372,0373,0374,0375,0376,0377,0379,0391,0392,0393,0394,0395,0396,0398",
            "name": "河南省",
            "uniServer": "yzj.online.ha.cn"
        },
        {
            "areaCode": "022",
            "name": "天津市",
            "uniServer": "yzj.tjunicom.com"
        },
        {
            "areaCode": "0851,0852,0853,0854,0855,0856,0857,0858,0859",
            "name": "贵州省",
            "uniServer": "gz.emic.com.cn"
        },
        {
            "areaCode": "020,0660,0662,0663,0668,0750,0751,0752,0753,0754,0755,0756,0757,0758,0759,0760,0762,0763,0766,0768,0769",
            "name": "广东省",
            "uniServer": "gd.emic.com.cn"
        },
        {
            "areaCode": "0691,0692,0870,0871,0872,0873,0874,0875,0876,0877,0878,0879,0883,0886,0887,0888",
            "name": "云南省",
            "uniServer": "yn.emic.com.cn"
        },
        {
            "areaCode": "023",
            "name": "重庆市",
            "uniServer": "cq.emic.com.cn"
        },
        {
            "areaCode": "028,0812,0813,0816,0817,0818,0825,0826,0827,0830,0831,0832,0833,0834,0835,0836,0837,0838,0839",
            "name": "四川省",
            "uniServer": "sc.emic.com.cn"
        },
        {
            "areaCode": "0349,0350,0351,0352,0353,0354,0355,0356,0357,0358,0359",
            "name": "山西省",
            "uniServer": "sx.emic.com.cn"
        },
        {
            "areaCode": "024,0411,0412,0415,0416,0417,0418,0419,0421,0427,0429",
            "name": "辽宁省",
            "uniServer": "ln.emic.com.cn"
        },
        {
            "areaCode": "0930,0931,0932,0933,0934,0935,0936,0937,0938,0939,0941,0943",
            "name": "甘肃省",
            "uniServer": "gs.emic.com.cn"
        },
        {
            "areaCode": "0530,0531,0532,0533,0534,0535,0536,0537,0538,0539,0543,0546,0631,0632,0633,0634,0635",
            "name": "山东省",
            "uniServer": "sd.emic.com.cn"
        },
        {
            "areaCode": "027,0710,0711,0712,0713,0714,0715,0716,0717,0718,0719,0722,0724",
            "name": "湖北省",
            "uniServer": "hub.emic.com.cn"
        },
        {
            "areaCode": "0898",
            "name": "海南省",
            "uniServer": "han.emicloud.com"
        }
    ]
}